idx,no filler,intact 25,early,middle,late,17 dots,all replaced
1,0.0,0.0,0.0625,0.0625,0.125,0.0625,0.25
12,0.6875,0.9375,0.875,0.875,0.8125,0.875,0.625
18,0.0,0.8125,0.9375,0.75,0.375,1.0,0.5
22,0.1875,0.9375,0.625,0.625,0.75,0.75,1.0
28,0.0,0.1875,0.0,0.0,0.0625,0.0625,0.0
29,0.0,1.0,1.0,1.0,0.9375,0.9375,0.5
35,0.0625,1.0,1.0,0.0625,1.0,0.625,1.0
40,0.0625,0.8125,0.125,0.6875,0.625,0.75,0.3125
41,0.0625,0.9375,0.625,1.0,1.0,0.875,0.8125
48,0.0625,0.5625,0.3125,0.0625,0.125,0.125,0.1875
49,0.0,0.5,0.0625,0.25,0.75,0.375,0.3125
72,0.0625,0.0,0.625,0.0,0.25,0.0,0.0625
75,0.375,0.0,0.75,0.0,0.0625,0.0625,0.6875
79,0.25,0.875,0.8125,0.75,1.0,0.875,0.75
89,0.3125,0.625,0.25,0.5,0.125,0.1875,0.25
97,0.0625,0.3125,1.0,0.875,0.25,0.625,0.0
98,0.0,0.4375,0.375,0.1875,0.1875,0.5625,0.25
105,0.25,1.0,0.5,0.9375,0.5625,0.875,1.0
110,0.625,0.8125,0.875,0.4375,1.0,0.3125,0.9375
114,0.5,0.9375,0.1875,0.5,1.0,1.0,0.4375
121,0.375,0.5625,0.3125,0.6875,0.8125,0.5,0.8125
124,0.375,0.5625,0.4375,0.375,0.1875,0.3125,0.0625
126,0.0625,0.0,0.25,0.125,0.5,0.0,1.0
128,0.0625,1.0,0.5,0.6875,0.6875,0.6875,0.3125
131,0.0,0.25,0.5625,0.25,0.5625,0.4375,0.5625
132,0.5,1.0,0.8125,1.0,1.0,0.875,0.5
133,0.4375,1.0,1.0,1.0,1.0,1.0,0.9375
145,0.6875,0.75,0.6875,0.875,0.4375,0.8125,0.3125
146,0.0,0.375,0.5,0.25,0.3125,0.4375,0.4375
151,0.1875,0.125,0.125,0.125,0.125,0.0,0.125
159,0.1875,1.0,0.9375,1.0,1.0,1.0,0.25
175,0.25,1.0,0.5625,0.8125,1.0,1.0,0.8125
177,0.4375,0.625,0.5625,0.1875,0.25,0.875,0.0
179,0.125,0.4375,1.0,0.4375,0.875,0.125,1.0
180,0.125,1.0,1.0,0.625,1.0,0.5,0.6875
191,0.25,1.0,1.0,0.9375,0.5,0.75,0.6875
195,0.3125,0.4375,0.5625,0.5625,0.6875,0.4375,0.5
199,0.25,1.0,0.875,1.0,1.0,1.0,0.25
213,0.625,0.375,0.0625,0.5,0.8125,0.8125,0.625
233,0.25,0.875,0.9375,1.0,1.0,0.875,1.0
256,0.25,1.0,1.0,0.9375,1.0,1.0,1.0
265,0.125,0.0625,0.0625,0.0,0.4375,0.0,0.1875
274,0.5625,1.0,0.8125,1.0,0.9375,1.0,0.75
283,0.0,0.125,0.0625,0.0,0.0625,0.0,0.0625
286,0.125,0.75,0.875,0.9375,0.5625,0.5,0.3125
295,0.25,1.0,1.0,0.9375,0.75,0.9375,0.875
298,0.0,1.0,1.0,0.625,0.75,0.875,0.75
299,0.1875,0.875,0.625,0.6875,0.4375,1.0,0.125
