idx,0,10,25,50,100,kind
0,0.4375,0.125,0.1875,0.25,0.0625,other
1,0.0,0.0,0.0625,0.0,0.5625,flips up
2,0.3125,0.125,0.0,0.0625,0.125,other
3,0.5,0.6875,0.5,0.625,0.0625,other
5,0.5625,0.5,0.125,0.5,0.625,other
6,0.0,0.0,0.0,0.0625,0.0,stays wrong
7,0.0,0.0,0.0625,0.0625,0.0,stays wrong
8,0.0,0.1875,0.3125,0.1875,0.25,stays wrong
9,0.1875,0.1875,0.25,0.0,0.0,stays wrong
10,0.875,0.9375,1.0,1.0,1.0,other
12,0.4375,0.5,0.9375,0.875,1.0,flips up
13,0.125,0.125,0.0,0.125,0.0,stays wrong
14,0.0625,0.0,0.0,0.0,0.0,stays wrong
15,0.6875,0.75,0.625,0.125,0.75,other
17,0.0,0.125,0.0,0.0,0.0,stays wrong
18,0.0625,0.0625,0.75,0.9375,1.0,flips up
19,0.25,0.0625,0.125,0.0,0.0625,stays wrong
20,0.875,0.9375,0.9375,0.9375,1.0,other
21,0.625,0.875,0.9375,1.0,1.0,other
22,0.375,0.625,0.9375,1.0,1.0,flips up
23,0.125,0.1875,0.625,0.5,0.125,stays wrong
24,0.8125,0.9375,1.0,0.9375,1.0,other
25,0.125,0.75,0.8125,0.625,0.3125,other
27,0.0,0.0,0.125,0.0625,0.0,stays wrong
28,0.0,0.0,0.0625,0.125,0.75,flips up
29,0.0,0.625,1.0,0.9375,1.0,flips up
30,0.1875,0.125,0.0,0.0,0.0625,stays wrong
31,0.1875,0.25,0.1875,0.625,0.4375,other
32,0.75,0.9375,1.0,1.0,1.0,other
35,0.25,0.25,1.0,0.5,0.9375,flips up
38,0.0625,0.0,0.1875,0.0625,0.1875,stays wrong
39,0.875,1.0,1.0,1.0,1.0,other
40,0.125,0.75,0.875,0.8125,0.6875,flips up
41,0.0,0.4375,1.0,0.875,1.0,flips up
43,0.0,0.0,0.0,0.0,0.125,stays wrong
44,0.0625,0.0625,0.0,0.0,0.0,stays wrong
48,0.125,0.0625,0.375,0.75,1.0,flips up
49,0.125,0.5625,0.5625,0.6875,1.0,flips up
51,0.0625,0.0625,0.0,0.0,0.0,stays wrong
52,0.625,0.6875,0.0,1.0,1.0,other
53,0.125,0.0,0.0,0.0,0.0,stays wrong
54,0.0,0.375,0.25,0.0,0.0625,stays wrong
56,0.0,0.3125,0.0625,0.1875,0.0,stays wrong
57,0.0,0.0,0.0,0.0,0.0625,stays wrong
58,0.0,0.0,0.0,0.0,0.0,stays wrong
59,0.0625,0.0625,0.0,0.0625,0.0,stays wrong
60,0.0,0.0,0.0,0.0,0.0,stays wrong
61,0.0,0.0,0.0,0.375,0.1875,stays wrong
62,0.375,0.75,0.6875,0.375,0.75,other
64,0.1875,0.125,0.125,0.0625,0.0,stays wrong
65,0.0,0.125,0.25,0.8125,0.4375,other
66,0.0,0.0625,0.0,0.0625,0.0,stays wrong
68,0.875,0.6875,0.25,1.0,1.0,other
71,0.0,0.0625,0.125,0.0625,0.0,stays wrong
72,0.0,0.0,0.125,0.3125,0.9375,flips up
73,0.25,0.0,0.375,0.25,0.0625,stays wrong
74,0.875,0.75,1.0,1.0,1.0,other
75,0.25,0.0,0.125,0.3125,0.9375,flips up
76,0.0,0.0,0.0,0.0,0.0,stays wrong
77,0.125,0.0,0.1875,0.0,0.125,stays wrong
78,0.0,0.0,0.0,0.0,0.0,stays wrong
79,0.0625,0.5625,1.0,1.0,1.0,flips up
81,0.0,0.0,0.0,0.0,0.0,stays wrong
82,0.0625,0.0625,0.3125,0.625,0.0,stays wrong
83,0.125,0.0,0.125,0.3125,0.0625,stays wrong
84,0.8125,0.8125,0.875,0.9375,1.0,other
85,0.1875,0.4375,0.25,0.25,0.625,other
86,0.8125,1.0,0.875,0.8125,1.0,other
89,0.0625,0.5625,0.375,0.8125,1.0,flips up
91,0.5625,1.0,1.0,1.0,1.0,other
92,0.875,1.0,0.6875,1.0,1.0,other
94,0.0625,0.0,0.0,0.0,0.0,stays wrong
95,0.75,0.25,0.75,1.0,0.875,other
96,0.0,0.0,0.0,0.0,0.0,stays wrong
97,0.0,0.625,0.0625,0.8125,0.9375,flips up
98,0.0,0.1875,0.0,0.625,1.0,flips up
101,0.4375,0.25,0.0625,0.1875,0.375,other
102,0.8125,0.0625,1.0,1.0,1.0,other
103,0.6875,0.6875,0.4375,0.5625,0.6875,other
104,0.875,1.0,1.0,1.0,1.0,other
105,0.1875,0.8125,0.8125,0.75,0.9375,flips up
106,0.0,0.125,0.125,0.0,0.25,stays wrong
108,0.0,0.0,0.0,0.0,0.0,stays wrong
109,0.625,0.5625,0.5625,0.75,0.625,other
110,0.4375,0.4375,0.875,0.75,1.0,flips up
111,0.6875,0.25,1.0,1.0,1.0,other
112,0.0625,0.0625,0.125,0.0625,0.0,stays wrong
114,0.375,0.9375,0.9375,1.0,1.0,flips up
115,0.0,0.0625,0.125,0.0625,0.1875,stays wrong
117,0.0625,0.25,0.125,0.1875,0.0625,stays wrong
119,0.4375,0.3125,0.3125,0.0,0.0,other
120,0.25,0.0625,0.0,0.0,0.0,stays wrong
121,0.0625,0.125,0.5,0.8125,1.0,flips up
123,0.0,0.0,0.1875,0.0625,0.0625,stays wrong
124,0.125,0.5,0.375,0.0625,0.75,flips up
126,0.0,0.0625,0.0,0.1875,0.8125,flips up
127,0.0,0.0,0.0,0.0,0.0,stays wrong
128,0.0625,0.125,0.875,0.5625,0.8125,flips up
130,0.6875,0.8125,0.4375,0.875,0.875,other
131,0.0625,0.3125,0.25,0.875,0.9375,flips up
132,0.3125,1.0,1.0,1.0,1.0,flips up
133,0.1875,0.4375,1.0,1.0,1.0,flips up
135,0.75,0.75,0.9375,1.0,1.0,other
136,0.125,0.0625,0.1875,0.0625,0.1875,stays wrong
137,0.1875,0.625,0.5625,0.0,0.3125,other
138,0.75,1.0,1.0,1.0,1.0,other
139,0.625,0.9375,0.75,0.875,1.0,other
140,0.0,0.125,0.375,0.0625,0.1875,stays wrong
141,0.125,0.0625,0.125,0.0,0.0,stays wrong
143,0.875,1.0,0.9375,1.0,1.0,other
144,0.0,0.125,0.0,0.0625,0.0625,stays wrong
145,0.4375,0.1875,0.875,0.75,0.9375,flips up
146,0.0625,0.5,0.5,0.4375,0.9375,flips up
147,0.4375,0.1875,0.125,0.25,0.6875,other
148,0.9375,1.0,1.0,1.0,0.875,other
149,0.0625,0.4375,0.125,0.3125,0.1875,stays wrong
150,0.5,0.0,0.125,0.125,0.0,other
151,0.0625,0.0625,0.375,0.5625,0.6875,flips up
153,0.0625,0.0,0.0,0.0,0.0625,stays wrong
155,0.5625,1.0,1.0,1.0,1.0,other
156,0.0,0.0,0.0,0.0,0.0,stays wrong
158,0.0,0.5,0.6875,0.5625,0.3125,other
159,0.4375,1.0,1.0,0.9375,1.0,flips up
160,0.0,0.1875,0.4375,0.3125,0.25,stays wrong
161,0.0625,0.0,0.0,0.0,0.0,stays wrong
162,0.25,0.0625,0.0625,0.0,0.3125,other
163,0.8125,0.125,0.375,1.0,1.0,other
164,0.375,0.0625,0.125,0.4375,0.0,other
165,0.0,0.0,0.0,0.0625,0.0,stays wrong
168,0.0,0.0,0.0625,0.0625,0.0,stays wrong
169,0.125,0.0,0.3125,0.25,0.1875,stays wrong
171,0.125,0.0,0.0625,0.0625,0.0,stays wrong
174,1.0,0.375,0.0625,0.0,0.125,other
175,0.0625,0.875,1.0,0.875,1.0,flips up
176,0.0,0.0,0.0,0.0,0.0,stays wrong
177,0.3125,0.0625,0.625,0.1875,1.0,flips up
179,0.25,0.6875,0.5625,1.0,1.0,flips up
180,0.125,0.4375,0.625,0.875,0.6875,flips up
183,0.375,0.0625,0.0625,0.0,0.0,other
184,0.6875,0.875,0.6875,1.0,1.0,other
185,0.0625,0.0625,0.1875,0.4375,0.4375,other
186,0.0,0.0,0.0,0.0,0.0,stays wrong
187,0.0,0.0,0.0,0.0625,0.0,stays wrong
189,0.75,0.4375,0.75,0.25,0.0,other
190,0.0,0.0625,0.0,0.0,0.0,stays wrong
191,0.1875,0.4375,0.9375,0.125,0.75,flips up
192,0.25,0.25,0.0,0.125,0.5,other
193,0.25,0.375,0.5,0.0,0.4375,other
195,0.125,0.1875,0.4375,0.625,0.75,flips up
196,0.0625,0.0,0.0,0.0,0.0,stays wrong
197,0.875,1.0,0.9375,1.0,1.0,other
198,0.0,0.0,0.0,0.0,0.0,stays wrong
199,0.1875,0.875,0.9375,1.0,1.0,flips up
200,0.0625,0.25,0.1875,0.4375,0.1875,stays wrong
202,0.0,0.0,0.0,0.0,0.0,stays wrong
203,0.8125,0.125,1.0,0.9375,1.0,other
204,0.0,0.0625,0.0625,0.0625,0.0,stays wrong
205,0.8125,0.9375,1.0,1.0,1.0,other
207,0.6875,0.4375,0.3125,0.8125,0.9375,other
209,0.5,0.625,0.875,0.5625,0.875,other
211,0.0,0.0625,0.0,0.0,0.0,stays wrong
212,0.125,0.25,0.1875,0.0625,0.0625,stays wrong
213,0.1875,0.6875,0.75,0.8125,0.875,flips up
215,0.0,0.0,0.0,0.0,0.0,stays wrong
218,0.0,0.0,0.0,0.0,0.0,stays wrong
219,0.9375,1.0,1.0,0.875,0.875,other
220,0.125,0.125,0.0,0.0,0.125,stays wrong
222,0.875,0.875,0.0625,0.75,0.9375,other
223,0.0,0.0,0.0,0.0,0.0,stays wrong
224,0.8125,0.0625,1.0,0.5,1.0,other
225,0.25,0.1875,0.125,0.0625,0.0625,stays wrong
226,0.625,0.4375,0.8125,0.9375,1.0,other
227,0.0625,0.0,0.0,0.0,0.0,stays wrong
230,0.0,0.1875,0.0625,0.0625,0.0,stays wrong
231,0.8125,0.125,0.875,1.0,1.0,other
233,0.4375,0.75,0.875,0.875,1.0,flips up
234,0.0,0.0,0.0,0.0,0.0,stays wrong
235,0.0,0.0,0.0,0.0,0.0,stays wrong
236,0.1875,0.1875,0.25,0.5,0.625,other
237,0.4375,0.6875,0.1875,1.0,0.875,other
239,0.875,0.9375,0.9375,1.0,1.0,other
240,0.0,0.0,0.0,0.0,0.0,stays wrong
241,0.25,0.0625,0.0625,0.125,0.0625,stays wrong
243,0.8125,1.0,1.0,1.0,1.0,other
244,0.25,0.1875,0.0625,0.75,0.625,other
245,0.0,0.0625,0.0,0.0625,0.0,stays wrong
246,0.6875,0.6875,0.9375,1.0,1.0,other
247,0.0625,0.0,0.0625,0.1875,0.0,stays wrong
248,0.0,0.0,0.1875,0.0625,0.3125,other
251,0.0,0.25,0.375,0.125,0.3125,other
253,0.8125,0.375,0.0625,0.0,0.6875,other
254,0.875,0.875,0.8125,1.0,1.0,other
255,0.8125,0.4375,0.6875,0.75,0.9375,other
256,0.3125,0.625,1.0,1.0,1.0,flips up
259,0.0,0.0,0.0,0.0,0.0,stays wrong
261,0.0,0.0,0.125,0.125,0.25,stays wrong
263,0.6875,0.8125,0.875,0.875,0.9375,other
264,0.0625,0.0625,0.0,0.0,0.0,stays wrong
265,0.0625,0.1875,0.0,0.625,1.0,flips up
269,0.0,0.0,0.0,0.0,0.0,stays wrong
271,0.0,0.4375,0.3125,0.4375,0.4375,other
272,0.0,0.0,0.0,0.0,0.0,stays wrong
274,0.1875,0.9375,0.9375,1.0,1.0,flips up
276,0.875,0.75,0.6875,0.375,0.625,other
278,0.0,0.0,0.0,0.0,0.125,stays wrong
279,0.75,0.8125,1.0,0.9375,0.9375,other
281,0.0625,0.1875,0.25,0.1875,0.0625,stays wrong
282,0.5625,0.9375,0.9375,1.0,0.9375,other
283,0.0,0.0,0.0625,0.0,0.5,flips up
284,0.0,0.0,0.0,0.0,0.0,stays wrong
286,0.0625,0.5625,0.75,0.9375,1.0,flips up
287,0.3125,0.4375,0.5625,0.0625,0.0,other
289,0.0,0.0,0.0625,0.125,0.0,stays wrong
293,0.0625,0.0,0.125,0.0,0.0,stays wrong
294,0.0,0.0,0.5,0.0,0.0,stays wrong
295,0.1875,0.0625,1.0,0.8125,0.9375,flips up
297,0.8125,1.0,0.8125,1.0,1.0,other
298,0.0,0.3125,1.0,1.0,1.0,flips up
299,0.25,0.3125,0.75,0.875,1.0,flips up
