idx,p1,p2,pf,p0,c2,prod
0,1.0,1.0,0.0625,0.4375,2,1.0
1,1.0,1.0,0.5625,0.0,2,1.0
2,1.0,1.0,0.125,0.3125,3,1.0
3,1.0,1.0,0.0625,0.5,2,1.0
5,1.0,1.0,0.625,0.5625,3,1.0
6,1.0,1.0,0.0,0.0,3,1.0
7,1.0,1.0,0.0,0.0,3,1.0
8,1.0,1.0,0.25,0.0,2,1.0
9,1.0,1.0,0.0,0.1875,2,1.0
12,1.0,1.0,1.0,0.4375,2,1.0
13,1.0,1.0,0.0,0.125,3,1.0
14,1.0,1.0,0.0,0.0625,3,1.0
17,1.0,1.0,0.0,0.0,3,1.0
19,1.0,1.0,0.0625,0.25,3,1.0
20,1.0,1.0,1.0,0.875,2,1.0
23,1.0,1.0,0.125,0.125,2,1.0
25,1.0,1.0,0.3125,0.125,2,1.0
27,1.0,1.0,0.0,0.0,2,1.0
28,1.0,1.0,0.75,0.0,2,1.0
30,1.0,1.0,0.0625,0.1875,3,1.0
31,1.0,1.0,0.4375,0.1875,2,1.0
38,1.0,1.0,0.1875,0.0625,2,1.0
40,1.0,1.0,0.6875,0.125,3,1.0
41,1.0,1.0,1.0,0.0,2,1.0
43,1.0,1.0,0.125,0.0,2,1.0
44,1.0,1.0,0.0,0.0625,3,1.0
51,1.0,1.0,0.0,0.0625,3,1.0
53,1.0,1.0,0.0,0.125,3,1.0
54,1.0,1.0,0.0625,0.0,2,1.0
56,1.0,1.0,0.0,0.0,2,1.0
57,1.0,1.0,0.0625,0.0,3,1.0
58,1.0,1.0,0.0,0.0,3,1.0
59,1.0,1.0,0.0,0.0625,3,1.0
60,1.0,1.0,0.0,0.0,3,1.0
61,1.0,1.0,0.1875,0.0,2,1.0
62,1.0,1.0,0.75,0.375,3,1.0
64,1.0,1.0,0.0,0.1875,3,1.0
65,1.0,1.0,0.4375,0.0,2,1.0
66,1.0,1.0,0.0,0.0,3,1.0
71,1.0,1.0,0.0,0.0,3,1.0
73,1.0,1.0,0.0625,0.25,2,1.0
76,1.0,1.0,0.0,0.0,3,1.0
77,1.0,1.0,0.125,0.125,3,1.0
78,1.0,1.0,0.0,0.0,2,1.0
81,1.0,1.0,0.0,0.0,3,1.0
82,1.0,1.0,0.0,0.0625,2,1.0
83,1.0,1.0,0.0625,0.125,3,1.0
84,1.0,1.0,1.0,0.8125,2,1.0
85,1.0,1.0,0.625,0.1875,2,1.0
89,1.0,1.0,1.0,0.0625,2,1.0
94,1.0,1.0,0.0,0.0625,3,1.0
96,1.0,1.0,0.0,0.0,2,1.0
101,1.0,1.0,0.375,0.4375,3,1.0
103,1.0,1.0,0.6875,0.6875,3,1.0
105,1.0,1.0,0.9375,0.1875,2,1.0
106,1.0,1.0,0.25,0.0,3,1.0
108,1.0,1.0,0.0,0.0,3,1.0
109,1.0,1.0,0.625,0.625,3,1.0
112,1.0,1.0,0.0,0.0625,2,1.0
115,1.0,1.0,0.1875,0.0,2,1.0
119,1.0,1.0,0.0,0.4375,3,1.0
120,1.0,1.0,0.0,0.25,3,1.0
121,1.0,1.0,1.0,0.0625,2,1.0
122,1.0,1.0,1.0,1.0,2,1.0
123,1.0,1.0,0.0625,0.0,2,1.0
124,1.0,1.0,0.75,0.125,2,1.0
126,1.0,1.0,0.8125,0.0,3,1.0
127,1.0,1.0,0.0,0.0,3,1.0
130,1.0,1.0,0.875,0.6875,3,1.0
136,1.0,1.0,0.1875,0.125,3,1.0
137,1.0,1.0,0.3125,0.1875,2,1.0
141,1.0,1.0,0.0,0.125,3,1.0
144,1.0,1.0,0.0625,0.0,3,1.0
145,1.0,1.0,0.9375,0.4375,3,1.0
146,1.0,1.0,0.9375,0.0625,2,1.0
147,1.0,1.0,0.6875,0.4375,3,1.0
149,1.0,1.0,0.1875,0.0625,2,1.0
151,1.0,1.0,0.6875,0.0625,3,1.0
153,1.0,1.0,0.0625,0.0625,3,1.0
156,1.0,1.0,0.0,0.0,3,1.0
158,1.0,1.0,0.3125,0.0,2,1.0
160,1.0,1.0,0.25,0.0,3,1.0
161,1.0,1.0,0.0,0.0625,3,1.0
162,1.0,1.0,0.3125,0.25,2,1.0
164,1.0,1.0,0.0,0.375,3,1.0
165,1.0,1.0,0.0,0.0,3,1.0
168,1.0,1.0,0.0,0.0,3,1.0
169,1.0,1.0,0.1875,0.125,3,1.0
171,1.0,1.0,0.0,0.125,3,1.0
174,1.0,1.0,0.125,1.0,2,1.0
176,1.0,1.0,0.0,0.0,3,1.0
177,1.0,1.0,1.0,0.3125,2,1.0
179,1.0,1.0,1.0,0.25,2,1.0
180,1.0,1.0,0.6875,0.125,2,1.0
183,1.0,1.0,0.0,0.375,2,1.0
184,1.0,1.0,1.0,0.6875,2,1.0
185,1.0,1.0,0.4375,0.0625,3,1.0
186,1.0,1.0,0.0,0.0,3,1.0
187,1.0,1.0,0.0,0.0,2,1.0
190,1.0,1.0,0.0,0.0,3,1.0
192,1.0,1.0,0.5,0.25,3,1.0
194,1.0,1.0,1.0,1.0,3,1.0
195,1.0,1.0,0.75,0.125,2,1.0
196,1.0,1.0,0.0,0.0625,3,1.0
198,1.0,1.0,0.0,0.0,3,1.0
200,1.0,1.0,0.1875,0.0625,2,1.0
202,1.0,1.0,0.0,0.0,2,1.0
204,1.0,1.0,0.0,0.0,3,1.0
205,1.0,1.0,1.0,0.8125,2,1.0
209,1.0,1.0,0.875,0.5,3,1.0
211,1.0,1.0,0.0,0.0,3,1.0
212,1.0,1.0,0.0625,0.125,3,1.0
213,1.0,1.0,0.875,0.1875,2,1.0
215,1.0,1.0,0.0,0.0,3,1.0
216,1.0,1.0,1.0,1.0,2,1.0
218,1.0,1.0,0.0,0.0,3,1.0
220,1.0,1.0,0.125,0.125,2,1.0
222,1.0,1.0,0.9375,0.875,3,1.0
223,1.0,1.0,0.0,0.0,3,1.0
225,1.0,1.0,0.0625,0.25,3,1.0
226,1.0,1.0,1.0,0.625,3,1.0
227,1.0,1.0,0.0,0.0625,3,1.0
230,1.0,1.0,0.0,0.0,3,1.0
234,1.0,1.0,0.0,0.0,3,1.0
235,1.0,1.0,0.0,0.0,3,1.0
236,1.0,1.0,0.625,0.1875,3,1.0
237,1.0,1.0,0.875,0.4375,3,1.0
239,1.0,1.0,1.0,0.875,3,1.0
240,1.0,1.0,0.0,0.0,3,1.0
241,1.0,1.0,0.0625,0.25,3,1.0
242,1.0,1.0,1.0,1.0,3,1.0
244,1.0,1.0,0.625,0.25,2,1.0
245,1.0,1.0,0.0,0.0,2,1.0
247,1.0,1.0,0.0,0.0625,2,1.0
248,1.0,1.0,0.3125,0.0,2,1.0
251,1.0,1.0,0.3125,0.0,2,1.0
254,1.0,1.0,1.0,0.875,3,1.0
259,1.0,1.0,0.0,0.0,3,1.0
261,1.0,1.0,0.25,0.0,3,1.0
263,1.0,1.0,0.9375,0.6875,2,1.0
264,1.0,1.0,0.0,0.0625,3,1.0
267,1.0,1.0,1.0,1.0,2,1.0
269,1.0,1.0,0.0,0.0,2,1.0
271,1.0,1.0,0.4375,0.0,2,1.0
272,1.0,1.0,0.0,0.0,2,1.0
276,1.0,1.0,0.625,0.875,2,1.0
278,1.0,1.0,0.125,0.0,3,1.0
281,1.0,1.0,0.0625,0.0625,2,1.0
282,1.0,1.0,0.9375,0.5625,2,1.0
283,1.0,1.0,0.5,0.0,2,1.0
284,1.0,1.0,0.0,0.0,3,1.0
286,1.0,1.0,1.0,0.0625,2,1.0
287,1.0,1.0,0.0,0.3125,2,1.0
289,1.0,1.0,0.0,0.0,3,1.0
293,1.0,1.0,0.0,0.0625,3,1.0
294,1.0,1.0,0.0,0.0,3,1.0
295,1.0,1.0,0.9375,0.1875,3,1.0
297,1.0,1.0,1.0,0.8125,2,1.0
