task,model,n,no_filler,dots_100,gain_pp,wrong_to_right,right_to_wrong,mcnemar_p
Main task,deepseek/deepseek-v4-flash,600,0.535,0.635,9.999999999999998,89,29,2.8230349944117135e-08
Main task,deepseek-v4p1-flash,600,0.435,0.5716666666666667,13.666666666666666,121,39,5.7036690149663934e-11
Main task,qwen/qwen3.5-122b-a10b,150,0.03333333333333333,0.03333333333333333,0.0,1,1,1.0
Main task,qwen/qwen3.6-35b-a3b,150,0.02,0.013333333333333334,-0.6666666666666666,0,1,1.0
Main task,qwen/qwen3.6-27b,150,0.05333333333333334,0.06666666666666667,1.3333333333333328,6,4,0.75390625
Main task,qwen/qwen3.5-27b,150,0.04,0.04666666666666667,0.6666666666666667,3,2,1.0
Main task,google/gemma-3-27b-it,150,0.006666666666666667,0.006666666666666667,0.0,0,0,
Main task,qwen/qwen3.5-9b,150,0.0,0.0,0.0,0,0,
"Easier task (multiplier 2, constants 1–30)",qwen/qwen3.5-122b-a10b,150,0.04666666666666667,0.04,-0.6666666666666667,1,2,1.0
"Easier task (multiplier 2, constants 1–30)",qwen/qwen3.6-27b,150,0.05333333333333334,0.07333333333333333,1.9999999999999998,5,2,0.453125
"Easier task (multiplier 2, constants 1–30)",qwen/qwen3.5-27b,150,0.07333333333333333,0.06666666666666667,-0.6666666666666667,9,10,1.0
"Easier task (multiplier 2, constants 1–30)",google/gemma-3-27b-it,150,0.013333333333333334,0.02,0.6666666666666666,2,1,1.0
"Easiest task tried (multiplier 2, constants 1–9)",qwen/qwen3.6-35b-a3b,150,0.07333333333333333,0.08,0.6666666666666667,7,6,1.0
"Easiest task tried (multiplier 2, constants 1–9)",qwen/qwen3.6-27b,150,0.19333333333333333,0.17333333333333334,-1.9999999999999991,8,11,0.6476058959960938
"Easiest task tried (multiplier 2, constants 1–9)",qwen/qwen3.5-27b,150,0.21333333333333335,0.14666666666666667,-6.666666666666668,6,16,0.052478790283203125
"Easiest task tried (multiplier 2, constants 1–9)",google/gemma-3-27b-it,150,0.05333333333333334,0.06666666666666667,1.3333333333333328,6,4,0.75390625
"Easiest task tried (multiplier 2, constants 1–9)",qwen/qwen3.5-9b,150,0.02666666666666667,0.04,1.3333333333333333,2,0,0.5
