cond,acc,se,gain_pp,wrong_to_right,right_to_wrong,p_vs_no_filler,p_vs_dots,violations,acc_format_following,filler_tokens_in_prompt
no filler,0.535,0.020362342694297236,0.0,0,0,,,1,0.5358931552587646,0.0
dots,0.635,0.019654304023970594,9.999999999999998,89,29,2.8230349944117135e-08,,0,0.635,100.0
repeated word,0.645,0.019535224595586303,10.999999999999998,93,27,1.1130505022660528e-09,0.48845566937989204,0,0.645,101.0
"counting, words",0.575,0.020181468397187225,3.9999999999999925,67,43,0.027850888125662096,3.376813810738312e-05,0,0.575,101.0
"counting, digits",0.64,0.019595917942265426,10.499999999999998,90,27,4.166817880507534e-09,0.7913664277791806,0,0.64,101.0
short cycle,0.5716666666666667,0.02020164551420209,3.6666666666666625,69,47,0.05072955668288333,1.1091146210557392e-05,0,0.5716666666666667,101.0
memorized text,0.6483333333333333,0.01949346994176179,11.333333333333329,87,19,1.3991901162745083e-11,0.37415171240479483,0,0.6483333333333333,101.0
prose P+Q,0.64,0.019595917942265426,10.499999999999998,92,29,7.97712197059598e-09,0.8043170001933984,0,0.64,101.0
prose P+P,0.6333333333333333,0.019673256899584192,9.833333333333327,84,25,1.2159603232656297e-08,1.0,0,0.6333333333333333,101.0
shuffled prose,0.62,0.0198158185969358,8.499999999999996,83,32,2.159431280225602e-06,0.30567741986311836,0,0.62,101.0
random vocabulary,0.5583333333333333,0.02027302075099738,2.3333333333333317,57,43,0.1933479044956428,2.2661405044675463e-07,0,0.5583333333333333,101.0
