idx,group,p0,pf,pT0.7,pT0.4,maj@1,maj@3,maj@5,maj@9,maj@15,delta
0,correct-modal,0.25,0.0625,0.5625,0.4375,0.2385,0.284,0.3055,0.338,0.366,-0.1875
1,absent,0.0,0.5625,0.0,0.0,0.0,0.0,0.0,0.0,0.0,0.5625
2,correct-modal,0.125,0.125,0.375,0.3125,0.1325,0.11,0.087,0.0545,0.0325,0.0
3,correct-modal,0.5,0.0625,0.5,0.4375,0.51,0.5775,0.7175,0.824,0.93,-0.4375
4,correct-modal,1.0,1.0,1.0,1.0,1.0,1.0,1.0,1.0,1.0,0.0
5,correct-modal,0.625,0.625,0.75,0.875,0.627,0.74,0.829,0.9345,0.984,0.0
6,absent,0.0,0.0,0.0,0.0,0.0,0.0,0.0,0.0,0.0,0.0
7,absent,0.0,0.0,0.0,0.0,0.0,0.0,0.0,0.0,0.0,0.0
8,absent,0.0,0.25,0.0625,0.125,0.0,0.0,0.0,0.0,0.0,0.25
9,absent,0.375,0.0,0.0625,0.0625,0.373,0.3995,0.448,0.456,0.488,-0.375
10,correct-modal,0.875,1.0,0.9375,1.0,0.8785,0.9585,0.9885,0.998,0.9995,0.125
11,correct-modal,1.0,1.0,1.0,1.0,1.0,1.0,1.0,1.0,1.0,0.0
12,tie,0.625,1.0,0.75,0.625,0.613,0.7445,0.8275,0.9345,0.986,0.375
13,"present, non-modal",0.125,0.0,0.1875,0.125,0.114,0.12,0.1175,0.1135,0.086,-0.125
14,"present, non-modal",0.0,0.0,0.125,0.0625,0.0,0.0,0.0,0.0,0.0,0.0
15,correct-modal,0.75,0.75,0.875,0.875,0.7445,0.8505,0.897,0.953,0.9825,0.0
16,correct-modal,1.0,1.0,1.0,1.0,1.0,1.0,1.0,1.0,1.0,0.0
17,absent,0.0,0.0,0.0,0.0625,0.0,0.0,0.0,0.0,0.0,0.0
18,absent,0.125,1.0,0.0,0.0,0.129,0.1135,0.107,0.0645,0.0425,0.875
19,absent,0.5,0.0625,0.125,0.4375,0.512,0.5725,0.652,0.748,0.8665,-0.4375
20,correct-modal,1.0,1.0,1.0,1.0,1.0,1.0,1.0,1.0,1.0,0.0
21,correct-modal,0.5,1.0,0.6875,0.75,0.525,0.579,0.662,0.772,0.869,0.5
22,correct-modal,0.375,1.0,0.375,0.5,0.367,0.4335,0.5445,0.652,0.789,0.625
23,"present, non-modal",0.125,0.125,0.0,0.0625,0.119,0.0835,0.046,0.015,0.005,0.0
24,correct-modal,0.875,1.0,0.8125,0.9375,0.8765,0.96,0.9855,0.9955,0.9995,0.125
25,"present, non-modal",0.0,0.3125,0.125,0.0,0.0,0.0,0.0,0.0,0.0,0.3125
26,correct-modal,1.0,1.0,1.0,1.0,1.0,1.0,1.0,1.0,1.0,0.0
27,absent,0.0,0.0,0.0,0.0,0.0,0.0,0.0,0.0,0.0,0.0
28,absent,0.0,0.75,0.0625,0.0,0.0,0.0,0.0,0.0,0.0,0.75
29,absent,0.0,1.0,0.0,0.0,0.0,0.0,0.0,0.0,0.0,1.0
30,"present, non-modal",0.125,0.0625,0.1875,0.0,0.132,0.116,0.13,0.102,0.0765,-0.0625
31,"present, non-modal",0.25,0.4375,0.4375,0.875,0.244,0.2815,0.3315,0.401,0.4805,0.1875
32,correct-modal,0.875,1.0,1.0,1.0,0.8735,0.958,0.98,0.998,1.0,0.125
33,correct-modal,1.0,1.0,0.875,1.0,1.0,1.0,1.0,1.0,1.0,0.0
34,correct-modal,1.0,1.0,1.0,1.0,1.0,1.0,1.0,1.0,1.0,0.0
35,"present, non-modal",0.375,0.9375,0.125,0.0625,0.3775,0.382,0.339,0.3375,0.293,0.5625
36,correct-modal,1.0,1.0,1.0,1.0,1.0,1.0,1.0,1.0,1.0,0.0
37,correct-modal,0.875,1.0,1.0,1.0,0.875,0.9535,0.9815,0.9985,1.0,0.125
38,absent,0.125,0.1875,0.0,0.0,0.1205,0.0955,0.0765,0.038,0.0215,0.0625
39,correct-modal,0.875,1.0,0.9375,1.0,0.88,0.954,0.9845,0.996,1.0,0.125
40,absent,0.25,0.6875,0.0625,0.375,0.259,0.2635,0.2955,0.348,0.373,0.4375
41,absent,0.0,1.0,0.375,0.125,0.0,0.0,0.0,0.0,0.0,1.0
42,correct-modal,1.0,1.0,1.0,1.0,1.0,1.0,1.0,1.0,1.0,0.0
43,absent,0.0,0.125,0.0,0.0,0.0,0.0,0.0,0.0,0.0,0.125
44,absent,0.125,0.0,0.0625,0.1875,0.1405,0.125,0.1085,0.1045,0.0925,-0.125
45,correct-modal,1.0,1.0,1.0,1.0,1.0,1.0,1.0,1.0,1.0,0.0
46,correct-modal,0.875,1.0,1.0,1.0,0.8735,0.9545,0.9855,0.998,1.0,0.125
47,correct-modal,1.0,1.0,1.0,0.9375,1.0,1.0,1.0,1.0,1.0,0.0
48,"present, non-modal",0.125,1.0,0.0,0.0,0.123,0.1245,0.1015,0.1,0.079,0.875
49,correct-modal,0.0,1.0,0.25,0.0,0.0,0.0,0.0,0.0,0.0,1.0
50,correct-modal,1.0,1.0,1.0,1.0,1.0,1.0,1.0,1.0,1.0,0.0
51,"present, non-modal",0.0,0.0,0.0,0.0,0.0,0.0,0.0,0.0,0.0,0.0
52,correct-modal,0.625,1.0,0.4375,0.8125,0.6115,0.7195,0.795,0.88,0.936,0.375
53,absent,0.25,0.0,0.0,0.0,0.244,0.2575,0.2915,0.286,0.2995,-0.25
54,absent,0.0,0.0625,0.0,0.0,0.0,0.0,0.0,0.0,0.0,0.0625
55,correct-modal,1.0,1.0,1.0,1.0,1.0,1.0,1.0,1.0,1.0,0.0
56,absent,0.0,0.0,0.0,0.0,0.0,0.0,0.0,0.0,0.0,0.0
57,absent,0.0,0.0625,0.0,0.0,0.0,0.0,0.0,0.0,0.0,0.0625
58,absent,0.0,0.0,0.0,0.0,0.0,0.0,0.0,0.0,0.0,0.0
59,"present, non-modal",0.0,0.0,0.0625,0.0,0.0,0.0,0.0,0.0,0.0,0.0
60,absent,0.0,0.0,0.0625,0.0,0.0,0.0,0.0,0.0,0.0,0.0
61,absent,0.0,0.1875,0.0,0.0,0.0,0.0,0.0,0.0,0.0,0.1875
62,correct-modal,0.25,0.75,0.6875,0.8125,0.247,0.2675,0.2905,0.336,0.3775,0.5
63,correct-modal,1.0,1.0,1.0,1.0,1.0,1.0,1.0,1.0,1.0,0.0
64,tie,0.125,0.0,0.0625,0.0,0.121,0.1185,0.1015,0.0735,0.066,-0.125
65,absent,0.0,0.4375,0.0,0.0,0.0,0.0,0.0,0.0,0.0,0.4375
66,absent,0.0,0.0,0.0625,0.0,0.0,0.0,0.0,0.0,0.0,0.0
67,correct-modal,1.0,1.0,1.0,1.0,1.0,1.0,1.0,1.0,1.0,0.0
68,correct-modal,0.875,1.0,0.8125,0.75,0.8825,0.9555,0.9855,0.9965,1.0,0.125
69,correct-modal,1.0,1.0,1.0,1.0,1.0,1.0,1.0,1.0,1.0,0.0
70,correct-modal,1.0,1.0,1.0,1.0,1.0,1.0,1.0,1.0,1.0,0.0
71,absent,0.0,0.0,0.0625,0.0,0.0,0.0,0.0,0.0,0.0,0.0
72,absent,0.0,0.9375,0.0,0.0,0.0,0.0,0.0,0.0,0.0,0.9375
73,tie,0.25,0.0625,0.375,0.375,0.26,0.273,0.322,0.3965,0.4845,-0.1875
74,correct-modal,0.75,1.0,0.875,0.8125,0.7425,0.8615,0.9295,0.9785,0.997,0.25
75,"present, non-modal",0.375,0.9375,0.0,0.1875,0.3585,0.397,0.4525,0.464,0.482,0.5625
76,absent,0.0,0.0,0.0,0.0625,0.0,0.0,0.0,0.0,0.0,0.0
77,"present, non-modal",0.125,0.125,0.0625,0.0,0.1285,0.0705,0.0415,0.006,0.0005,0.0
78,absent,0.0,0.0,0.0,0.0,0.0,0.0,0.0,0.0,0.0,0.0
79,absent,0.125,1.0,0.125,0.0625,0.1205,0.093,0.057,0.022,0.0075,0.875
80,correct-modal,1.0,1.0,1.0,1.0,1.0,1.0,1.0,1.0,1.0,0.0
81,absent,0.0,0.0,0.0,0.0,0.0,0.0,0.0,0.0,0.0,0.0
82,absent,0.125,0.0,0.125,0.0,0.129,0.1105,0.1185,0.0975,0.094,-0.125
83,absent,0.25,0.0625,0.0,0.25,0.2465,0.2715,0.2965,0.337,0.3705,-0.1875
84,correct-modal,0.75,1.0,0.875,1.0,0.74,0.845,0.9,0.948,0.9805,0.25
85,correct-modal,0.0,0.625,0.5,0.6875,0.0,0.0,0.0,0.0,0.0,0.625
86,correct-modal,0.75,1.0,0.9375,1.0,0.759,0.8745,0.932,0.9805,0.999,0.25
87,correct-modal,1.0,1.0,1.0,1.0,1.0,1.0,1.0,1.0,1.0,0.0
88,correct-modal,1.0,1.0,1.0,1.0,1.0,1.0,1.0,1.0,1.0,0.0
89,absent,0.125,1.0,0.1875,0.0625,0.1235,0.1115,0.0945,0.076,0.041,0.875
90,correct-modal,1.0,1.0,1.0,1.0,1.0,1.0,1.0,1.0,1.0,0.0
91,"present, non-modal",0.875,1.0,0.6875,0.875,0.8745,0.9545,0.981,0.998,1.0,0.125
92,correct-modal,0.875,1.0,0.875,1.0,0.8595,0.955,0.9855,0.997,1.0,0.125
93,correct-modal,1.0,1.0,1.0,1.0,1.0,1.0,1.0,1.0,1.0,0.0
94,"present, non-modal",0.0,0.0,0.0,0.0,0.0,0.0,0.0,0.0,0.0,0.0
95,correct-modal,0.875,0.875,0.75,0.9375,0.8685,0.9555,0.9875,0.996,1.0,0.0
96,absent,0.0,0.0,0.0,0.0,0.0,0.0,0.0,0.0,0.0,0.0
97,absent,0.0,0.9375,0.125,0.0,0.0,0.0,0.0,0.0,0.0,0.9375
98,absent,0.0,1.0,0.0625,0.0,0.0,0.0,0.0,0.0,0.0,1.0
99,correct-modal,1.0,1.0,1.0,1.0,1.0,1.0,1.0,1.0,1.0,0.0
100,correct-modal,1.0,1.0,1.0,1.0,1.0,1.0,1.0,1.0,1.0,0.0
101,correct-modal,0.25,0.375,0.25,0.0625,0.256,0.2395,0.211,0.164,0.1165,0.125
102,correct-modal,0.875,1.0,0.75,0.9375,0.8715,0.9575,0.9855,0.997,1.0,0.125
103,correct-modal,0.875,0.6875,0.875,0.875,0.884,0.96,0.982,0.998,1.0,-0.1875
104,correct-modal,0.875,1.0,1.0,1.0,0.8565,0.967,0.983,0.9985,1.0,0.125
105,"present, non-modal",0.25,0.9375,0.25,0.4375,0.247,0.26,0.2805,0.2685,0.304,0.6875
106,absent,0.0,0.25,0.0625,0.0,0.0,0.0,0.0,0.0,0.0,0.25
107,correct-modal,1.0,1.0,1.0,1.0,1.0,1.0,1.0,1.0,1.0,0.0
108,absent,0.0,0.0,0.0,0.0,0.0,0.0,0.0,0.0,0.0,0.0
109,correct-modal,0.625,0.625,0.875,1.0,0.616,0.7175,0.8005,0.8925,0.9495,0.0
110,"present, non-modal",0.5,1.0,0.3125,0.3125,0.4915,0.4965,0.51,0.49,0.4775,0.5
111,correct-modal,0.75,1.0,1.0,0.5,0.744,0.8545,0.911,0.951,0.987,0.25
112,"present, non-modal",0.0,0.0,0.0,0.0,0.0,0.0,0.0,0.0,0.0,0.0
113,correct-modal,0.875,1.0,1.0,1.0,0.872,0.959,0.989,0.998,0.9995,0.125
114,correct-modal,0.25,1.0,0.3125,0.1875,0.2565,0.217,0.226,0.163,0.1185,0.75
115,absent,0.0,0.1875,0.0,0.0,0.0,0.0,0.0,0.0,0.0,0.1875
116,correct-modal,1.0,1.0,1.0,1.0,1.0,1.0,1.0,1.0,1.0,0.0
117,"present, non-modal",0.0,0.0625,0.0,0.0,0.0,0.0,0.0,0.0,0.0,0.0625
118,correct-modal,1.0,1.0,1.0,1.0,1.0,1.0,1.0,1.0,1.0,0.0
119,correct-modal,0.5,0.0,0.5,0.8125,0.5025,0.584,0.648,0.7715,0.864,-0.5
120,"present, non-modal",0.25,0.0,0.0625,0.0625,0.25,0.2545,0.24,0.248,0.245,-0.25
121,"present, non-modal",0.0,1.0,0.3125,0.5,0.0,0.0,0.0,0.0,0.0,1.0
122,correct-modal,1.0,1.0,1.0,1.0,1.0,1.0,1.0,1.0,1.0,0.0
123,absent,0.0,0.0625,0.0625,0.0,0.0,0.0,0.0,0.0,0.0,0.0625
124,absent,0.25,0.75,0.25,0.125,0.2495,0.256,0.268,0.243,0.2295,0.5
125,correct-modal,1.0,1.0,1.0,1.0,1.0,1.0,1.0,1.0,1.0,0.0
126,absent,0.0,0.8125,0.0625,0.0,0.0,0.0,0.0,0.0,0.0,0.8125
127,absent,0.0,0.0,0.0,0.0,0.0,0.0,0.0,0.0,0.0,0.0
128,"present, non-modal",0.0,0.8125,0.125,0.0625,0.0,0.0,0.0,0.0,0.0,0.8125
129,correct-modal,1.0,1.0,1.0,1.0,1.0,1.0,1.0,1.0,1.0,0.0
130,correct-modal,0.75,0.875,0.875,0.9375,0.7475,0.8625,0.9255,0.9845,0.9975,0.125
131,"present, non-modal",0.0,0.9375,0.3125,0.3125,0.0,0.0,0.0,0.0,0.0,0.9375
132,tie,0.375,1.0,0.875,0.9375,0.3725,0.4155,0.4985,0.5895,0.6655,0.625
133,tie,0.25,1.0,0.5625,0.5625,0.25,0.278,0.295,0.3435,0.3825,0.75
134,correct-modal,1.0,1.0,1.0,1.0,1.0,1.0,1.0,1.0,1.0,0.0
135,correct-modal,0.625,1.0,0.8125,1.0,0.6245,0.728,0.781,0.88,0.9415,0.375
136,absent,0.25,0.1875,0.3125,0.1875,0.2355,0.274,0.3045,0.347,0.3735,-0.0625
137,"present, non-modal",0.25,0.3125,0.1875,0.0,0.2635,0.231,0.2115,0.164,0.116,0.0625
138,correct-modal,0.875,1.0,1.0,0.875,0.873,0.96,0.9875,0.998,0.9995,0.125
139,correct-modal,0.375,1.0,0.75,0.9375,0.3825,0.424,0.5085,0.585,0.6535,0.625
140,absent,0.0,0.1875,0.0,0.0,0.0,0.0,0.0,0.0,0.0,0.1875
141,"present, non-modal",0.125,0.0,0.0625,0.0,0.128,0.119,0.108,0.1025,0.0925,-0.125
142,correct-modal,1.0,1.0,1.0,1.0,1.0,1.0,1.0,1.0,1.0,0.0
143,correct-modal,1.0,1.0,1.0,1.0,1.0,1.0,1.0,1.0,1.0,0.0
144,absent,0.0,0.0625,0.0,0.0625,0.0,0.0,0.0,0.0,0.0,0.0625
145,"present, non-modal",0.625,0.9375,0.8125,0.9375,0.6305,0.747,0.8485,0.9355,0.9885,0.3125
146,"present, non-modal",0.0,0.9375,0.0625,0.3125,0.0,0.0,0.0,0.0,0.0,0.9375
147,correct-modal,0.5,0.6875,0.4375,0.3125,0.494,0.586,0.695,0.842,0.933,0.1875
148,correct-modal,0.875,0.875,1.0,1.0,0.8695,0.961,0.98,0.997,0.9995,0.0
149,absent,0.125,0.1875,0.0,0.0,0.127,0.073,0.03,0.0115,0.0005,0.0625
150,correct-modal,0.5,0.0,0.5625,0.9375,0.499,0.5875,0.6515,0.7675,0.8465,-0.5
151,absent,0.125,0.6875,0.125,0.25,0.125,0.091,0.0455,0.0235,0.006,0.5625
152,correct-modal,1.0,1.0,1.0,1.0,1.0,1.0,1.0,1.0,1.0,0.0
153,absent,0.125,0.0625,0.0,0.0,0.1205,0.1195,0.094,0.0715,0.042,-0.0625
154,correct-modal,0.875,1.0,1.0,1.0,0.872,0.954,0.983,0.997,1.0,0.125
155,correct-modal,0.375,1.0,0.9375,1.0,0.3755,0.3965,0.4315,0.474,0.4895,0.625
156,absent,0.0,0.0,0.0,0.0,0.0,0.0,0.0,0.0,0.0,0.0
157,correct-modal,0.875,1.0,0.9375,1.0,0.867,0.9565,0.983,0.997,1.0,0.125
158,absent,0.0,0.3125,0.0,0.0,0.0,0.0,0.0,0.0,0.0,0.3125
159,"present, non-modal",0.5,1.0,0.5625,1.0,0.508,0.509,0.499,0.4955,0.5055,0.5
160,absent,0.0,0.25,0.0,0.0,0.0,0.0,0.0,0.0,0.0,0.25
161,absent,0.125,0.0,0.0,0.0,0.1345,0.0995,0.0665,0.0275,0.013,-0.125
162,correct-modal,0.125,0.3125,0.125,0.0,0.12,0.121,0.104,0.1,0.097,0.1875
163,correct-modal,0.75,1.0,1.0,1.0,0.7515,0.863,0.917,0.982,0.997,0.25
164,tie,0.5,0.0,0.3125,0.1875,0.485,0.549,0.578,0.6465,0.6985,-0.5
165,absent,0.0,0.0,0.0,0.0,0.0,0.0,0.0,0.0,0.0,0.0
166,correct-modal,1.0,1.0,1.0,1.0,1.0,1.0,1.0,1.0,1.0,0.0
167,correct-modal,1.0,1.0,1.0,1.0,1.0,1.0,1.0,1.0,1.0,0.0
168,absent,0.0,0.0,0.0,0.0,0.0,0.0,0.0,0.0,0.0,0.0
169,"present, non-modal",0.125,0.1875,0.0625,0.0,0.1295,0.0645,0.0335,0.0095,0.0025,0.0625
170,correct-modal,0.875,1.0,1.0,1.0,0.869,0.964,0.9845,0.996,0.9985,0.125
171,tie,0.0,0.0,0.0625,0.0,0.0,0.0,0.0,0.0,0.0,0.0
172,correct-modal,1.0,1.0,1.0,1.0,1.0,1.0,1.0,1.0,1.0,0.0
173,correct-modal,1.0,1.0,1.0,1.0,1.0,1.0,1.0,1.0,1.0,0.0
174,correct-modal,1.0,0.125,0.9375,1.0,1.0,1.0,1.0,1.0,1.0,-0.875
175,"present, non-modal",0.0,1.0,0.1875,0.0,0.0,0.0,0.0,0.0,0.0,1.0
176,absent,0.0,0.0,0.0,0.0,0.0,0.0,0.0,0.0,0.0,0.0
177,"present, non-modal",0.25,1.0,0.625,0.3125,0.256,0.2585,0.2935,0.2985,0.315,0.75
178,correct-modal,1.0,1.0,0.9375,1.0,1.0,1.0,1.0,1.0,1.0,0.0
179,"present, non-modal",0.125,1.0,0.25,0.1875,0.1285,0.044,0.019,0.003,0.0,0.875
180,"present, non-modal",0.125,0.6875,0.0625,0.0625,0.122,0.127,0.114,0.0985,0.0845,0.5625
181,correct-modal,1.0,0.9375,1.0,1.0,1.0,1.0,1.0,1.0,1.0,-0.0625
182,correct-modal,1.0,1.0,1.0,1.0,1.0,1.0,1.0,1.0,1.0,0.0
183,correct-modal,0.375,0.0,0.625,0.75,0.3825,0.415,0.489,0.5515,0.6715,-0.375
184,correct-modal,0.75,1.0,0.9375,0.9375,0.743,0.87,0.9265,0.982,0.9985,0.25
185,absent,0.125,0.4375,0.0,0.0,0.115,0.1255,0.1075,0.093,0.083,0.3125
186,absent,0.0,0.0,0.0,0.0,0.0,0.0,0.0,0.0,0.0,0.0
187,absent,0.0,0.0,0.0,0.0625,0.0,0.0,0.0,0.0,0.0,0.0
188,correct-modal,1.0,1.0,1.0,1.0,1.0,1.0,1.0,1.0,1.0,0.0
189,correct-modal,0.625,0.0,0.1875,0.3125,0.6105,0.6665,0.7385,0.7825,0.8455,-0.625
190,absent,0.0,0.0,0.0,0.0,0.0,0.0,0.0,0.0,0.0,0.0
191,absent,0.375,0.75,0.875,0.5,0.368,0.4115,0.5125,0.5715,0.684,0.375
192,"present, non-modal",0.375,0.5,0.0625,0.125,0.363,0.3025,0.274,0.1995,0.1675,0.125
193,"present, non-modal",0.375,0.4375,0.25,0.0625,0.374,0.3935,0.439,0.461,0.494,0.0625
194,correct-modal,1.0,1.0,1.0,1.0,1.0,1.0,1.0,1.0,1.0,0.0
195,"present, non-modal",0.125,0.75,0.5,0.75,0.125,0.1125,0.117,0.101,0.092,0.625
196,"present, non-modal",0.0,0.0,0.0625,0.0,0.0,0.0,0.0,0.0,0.0,0.0
197,correct-modal,0.875,1.0,1.0,1.0,0.8715,0.9565,0.9805,0.9945,1.0,0.125
198,absent,0.0,0.0,0.0,0.0,0.0,0.0,0.0,0.0,0.0,0.0
199,"present, non-modal",0.125,1.0,0.1875,0.5625,0.129,0.1205,0.1115,0.0985,0.091,0.875
200,"present, non-modal",0.0,0.1875,0.0,0.0,0.0,0.0,0.0,0.0,0.0,0.1875
201,correct-modal,1.0,1.0,1.0,1.0,1.0,1.0,1.0,1.0,1.0,0.0
202,absent,0.0,0.0,0.0,0.0,0.0,0.0,0.0,0.0,0.0,0.0
203,correct-modal,0.75,1.0,0.9375,1.0,0.752,0.862,0.926,0.9805,0.997,0.25
204,absent,0.0,0.0,0.0625,0.0625,0.0,0.0,0.0,0.0,0.0,0.0
205,correct-modal,0.875,1.0,0.5,0.875,0.8795,0.959,0.983,0.997,0.9995,0.125
206,correct-modal,1.0,1.0,1.0,1.0,1.0,1.0,1.0,1.0,1.0,0.0
207,correct-modal,0.75,0.9375,0.5,0.8125,0.7665,0.8375,0.8945,0.9525,0.9825,0.1875
208,correct-modal,1.0,1.0,1.0,1.0,1.0,1.0,1.0,1.0,1.0,0.0
209,correct-modal,0.375,0.875,0.875,1.0,0.3795,0.429,0.476,0.5725,0.666,0.5
210,correct-modal,1.0,1.0,1.0,1.0,1.0,1.0,1.0,1.0,1.0,0.0
211,absent,0.0,0.0,0.0,0.0,0.0,0.0,0.0,0.0,0.0,0.0
212,tie,0.125,0.0625,0.125,0.0,0.122,0.1165,0.1125,0.1085,0.0925,-0.0625
213,"present, non-modal",0.125,0.875,0.625,0.8125,0.1355,0.115,0.117,0.093,0.088,0.75
214,correct-modal,0.875,0.9375,1.0,1.0,0.8685,0.958,0.985,0.9975,0.9995,0.0625
215,absent,0.0,0.0,0.0,0.0,0.0,0.0,0.0,0.0,0.0,0.0
216,correct-modal,1.0,1.0,1.0,1.0,1.0,1.0,1.0,1.0,1.0,0.0
217,correct-modal,1.0,1.0,1.0,1.0,1.0,1.0,1.0,1.0,1.0,0.0
218,absent,0.0,0.0,0.0,0.0,0.0,0.0,0.0,0.0,0.0,0.0
219,correct-modal,1.0,0.875,1.0,1.0,1.0,1.0,1.0,1.0,1.0,-0.125
220,"present, non-modal",0.125,0.125,0.1875,0.0625,0.1295,0.0665,0.031,0.007,0.0005,0.0
221,correct-modal,0.875,1.0,1.0,1.0,0.8615,0.964,0.984,0.997,0.9995,0.125
222,correct-modal,0.75,0.9375,0.9375,1.0,0.745,0.8665,0.9245,0.9845,0.998,0.1875
223,absent,0.0,0.0,0.0,0.0,0.0,0.0,0.0,0.0,0.0,0.0
224,correct-modal,0.875,1.0,0.875,1.0,0.8745,0.958,0.9835,0.9975,1.0,0.125
225,correct-modal,0.125,0.0625,0.5,0.3125,0.129,0.1185,0.109,0.081,0.057,-0.0625
226,correct-modal,0.375,1.0,0.875,0.9375,0.3855,0.4275,0.4855,0.587,0.661,0.625
227,absent,0.125,0.0,0.0,0.0,0.115,0.1235,0.1085,0.0945,0.0835,-0.125
228,correct-modal,1.0,1.0,1.0,1.0,1.0,1.0,1.0,1.0,1.0,0.0
229,correct-modal,1.0,1.0,1.0,1.0,1.0,1.0,1.0,1.0,1.0,0.0
230,absent,0.0,0.0,0.0625,0.0,0.0,0.0,0.0,0.0,0.0,0.0
231,correct-modal,1.0,1.0,0.625,0.875,1.0,1.0,1.0,1.0,1.0,0.0
232,correct-modal,1.0,1.0,1.0,1.0,1.0,1.0,1.0,1.0,1.0,0.0
233,correct-modal,0.625,1.0,0.625,1.0,0.6305,0.7505,0.846,0.9375,0.984,0.375
234,absent,0.0,0.0,0.0625,0.0,0.0,0.0,0.0,0.0,0.0,0.0
235,absent,0.0,0.0,0.0,0.0,0.0,0.0,0.0,0.0,0.0,0.0
236,tie,0.125,0.625,0.3125,0.4375,0.124,0.126,0.1095,0.1085,0.0915,0.5
237,correct-modal,0.375,0.875,0.75,0.5,0.373,0.4025,0.492,0.606,0.687,0.5
238,correct-modal,0.875,1.0,1.0,1.0,0.886,0.9515,0.9825,0.9985,1.0,0.125
239,correct-modal,0.75,1.0,1.0,1.0,0.7535,0.8545,0.935,0.9855,0.9985,0.25
240,absent,0.0,0.0,0.0,0.0625,0.0,0.0,0.0,0.0,0.0,0.0
241,correct-modal,0.125,0.0625,0.1875,0.1875,0.142,0.1165,0.0935,0.0765,0.047,-0.0625
242,correct-modal,1.0,1.0,1.0,1.0,1.0,1.0,1.0,1.0,1.0,0.0
243,correct-modal,0.875,1.0,0.9375,1.0,0.883,0.9565,0.982,0.998,0.9995,0.125
244,correct-modal,0.125,0.625,0.3125,0.6875,0.122,0.127,0.1245,0.1215,0.121,0.5
245,absent,0.0,0.0,0.3125,0.3125,0.0,0.0,0.0,0.0,0.0,0.0
246,correct-modal,0.875,1.0,0.625,0.875,0.866,0.951,0.987,0.9975,1.0,0.125
247,"present, non-modal",0.0,0.0,0.0,0.0,0.0,0.0,0.0,0.0,0.0,0.0
248,absent,0.0,0.3125,0.0,0.0625,0.0,0.0,0.0,0.0,0.0,0.3125
249,correct-modal,1.0,1.0,1.0,1.0,1.0,1.0,1.0,1.0,1.0,0.0
250,correct-modal,0.875,1.0,1.0,1.0,0.8825,0.962,0.9865,0.997,1.0,0.125
251,absent,0.0,0.3125,0.3125,0.8125,0.0,0.0,0.0,0.0,0.0,0.3125
252,correct-modal,1.0,1.0,1.0,1.0,1.0,1.0,1.0,1.0,1.0,0.0
253,correct-modal,0.875,0.6875,0.8125,0.875,0.866,0.9585,0.986,0.9975,1.0,-0.1875
254,correct-modal,1.0,1.0,0.9375,1.0,1.0,1.0,1.0,1.0,1.0,0.0
255,correct-modal,0.75,0.9375,0.8125,0.8125,0.755,0.8595,0.934,0.9825,0.997,0.1875
256,correct-modal,0.25,1.0,0.4375,0.5,0.254,0.2635,0.248,0.247,0.227,0.75
257,correct-modal,0.875,1.0,1.0,1.0,0.8805,0.9615,0.9825,0.998,0.999,0.125
258,correct-modal,1.0,1.0,1.0,1.0,1.0,1.0,1.0,1.0,1.0,0.0
259,absent,0.0,0.0,0.0,0.0,0.0,0.0,0.0,0.0,0.0,0.0
260,correct-modal,1.0,1.0,1.0,1.0,1.0,1.0,1.0,1.0,1.0,0.0
261,absent,0.0,0.25,0.0625,0.0625,0.0,0.0,0.0,0.0,0.0,0.25
262,correct-modal,1.0,1.0,1.0,1.0,1.0,1.0,1.0,1.0,1.0,0.0
263,correct-modal,0.5,0.9375,0.8125,0.875,0.506,0.5535,0.5895,0.635,0.683,0.4375
264,absent,0.125,0.0,0.0625,0.0,0.1265,0.0395,0.0165,0.002,0.0,-0.125
265,absent,0.125,1.0,0.0,0.0,0.1345,0.0725,0.041,0.017,0.003,0.875
266,correct-modal,1.0,1.0,1.0,1.0,1.0,1.0,1.0,1.0,1.0,0.0
267,correct-modal,1.0,1.0,1.0,1.0,1.0,1.0,1.0,1.0,1.0,0.0
268,correct-modal,1.0,1.0,1.0,1.0,1.0,1.0,1.0,1.0,1.0,0.0
269,absent,0.0,0.0,0.0,0.0,0.0,0.0,0.0,0.0,0.0,0.0
270,correct-modal,1.0,1.0,1.0,1.0,1.0,1.0,1.0,1.0,1.0,0.0
271,absent,0.0,0.4375,0.0625,0.0625,0.0,0.0,0.0,0.0,0.0,0.4375
272,absent,0.0,0.0,0.0,0.0,0.0,0.0,0.0,0.0,0.0,0.0
273,correct-modal,1.0,1.0,1.0,1.0,1.0,1.0,1.0,1.0,1.0,0.0
274,"present, non-modal",0.25,1.0,0.5625,0.5625,0.2495,0.2615,0.2625,0.259,0.2515,0.75
275,correct-modal,1.0,1.0,0.875,0.5,1.0,1.0,1.0,1.0,1.0,0.0
276,correct-modal,1.0,0.625,0.9375,1.0,1.0,1.0,1.0,1.0,1.0,-0.375
277,correct-modal,1.0,1.0,1.0,1.0,1.0,1.0,1.0,1.0,1.0,0.0
278,absent,0.0,0.125,0.0,0.0,0.0,0.0,0.0,0.0,0.0,0.125
279,correct-modal,0.75,0.9375,0.9375,0.875,0.75,0.858,0.8995,0.949,0.978,0.1875
280,correct-modal,1.0,1.0,1.0,1.0,1.0,1.0,1.0,1.0,1.0,0.0
281,"present, non-modal",0.0,0.0625,0.0625,0.0625,0.0,0.0,0.0,0.0,0.0,0.0625
282,correct-modal,0.375,0.9375,0.75,0.8125,0.406,0.431,0.5045,0.656,0.7835,0.5625
283,absent,0.0,0.5,0.0,0.0,0.0,0.0,0.0,0.0,0.0,0.5
284,absent,0.0,0.0,0.0,0.0,0.0,0.0,0.0,0.0,0.0,0.0
285,correct-modal,1.0,1.0,1.0,1.0,1.0,1.0,1.0,1.0,1.0,0.0
286,tie,0.0,1.0,0.0,0.0,0.0,0.0,0.0,0.0,0.0,1.0
287,"present, non-modal",0.25,0.0,0.3125,0.1875,0.235,0.172,0.0975,0.0535,0.0175,-0.25
288,correct-modal,1.0,1.0,1.0,1.0,1.0,1.0,1.0,1.0,1.0,0.0
289,absent,0.0,0.0,0.0,0.0,0.0,0.0,0.0,0.0,0.0,0.0
290,correct-modal,1.0,1.0,1.0,1.0,1.0,1.0,1.0,1.0,1.0,0.0
291,correct-modal,1.0,1.0,1.0,1.0,1.0,1.0,1.0,1.0,1.0,0.0
292,correct-modal,1.0,1.0,1.0,1.0,1.0,1.0,1.0,1.0,1.0,0.0
293,absent,0.125,0.0,0.0,0.0,0.114,0.1085,0.1145,0.1005,0.085,-0.125
294,absent,0.0,0.0,0.0625,0.0,0.0,0.0,0.0,0.0,0.0,0.0
295,"present, non-modal",0.125,0.9375,0.25,0.4375,0.123,0.119,0.0965,0.069,0.0485,0.8125
296,correct-modal,0.875,1.0,1.0,1.0,0.885,0.959,0.9835,0.999,1.0,0.125
297,correct-modal,0.625,1.0,0.6875,0.875,0.6205,0.752,0.829,0.934,0.9805,0.375
298,absent,0.0,1.0,0.0625,0.0,0.0,0.0,0.0,0.0,0.0,1.0
299,tie,0.25,1.0,0.4375,0.625,0.26,0.263,0.273,0.2755,0.2965,0.75
